Contributor,Days Involved
xiangpengzhao,384
kargakis,383
humblec,383
smarterclayton,382
mikedanese,382
ncdc,381
janetkuo,381
gmarek,381
eparis,381
yujuhong,380
wojtek-t,380
soltysh,380
mml,380
madhusudancs,380
lavalamp,380
jayunit100,380
derekwaynecarr,380
deads2k,380
timothysc,379
sjenning,379
pwittrock,379
krousey,379
dchen1107,379
Random-Liu,379
thockin,378
dcbw,378
sdminonne,377
nikhiljindal,377
cjcullen,377
vishh,376
luxas,376
piosz,375
mwielgus,375
liggitt,375
justinsb,375
jsafrane,373
caesarxuchao,373
brendandburns,372
a-robinson,372
mbohlool,371
saad-ali,370
david-mcmahon,368
timstclair,366
ixdy,366
fabianofranz,366
ericchiang,366
rootfs,365
spxtr,364
rrati,364
mtaufen,363
zmerlynn,362
philips,362
sttts,361
Q-Lee,361
rmmh,360
quinton-hoole,356
jingxu97,356
fejta,356
erictune,355
dims,351
dshulyak,350
yaxinlx,337
pmorie,30
bprashanth,30
andyzheng0831,30
ihmccreery,29
hongchaodeng,28
euank,28
AdoHe,28
ingvagabund,26
dlorenc,26
nowprovision,25
wonderfly,24
therc,23
colhom,23
metral,22
liangchenye,22
jlowdermilk,22
roberthbailey,21
resouer,21
mfojtik,21
duglin,21
mkumatag,20
freehan,20
BaluDontu,20
zhangxiaoyu-zidif,19
yifan-gu,19
derekparker,19
aaronlevy,19
FengyunPan,19
verb,18
ravisantoshgudimetla,18
jcbsmpsn,18
bobbyrullo,18
NickrenREN,18
MrHohn,18
zhouhaibing089,17
mfanjie,17
girishkalele,17
divyenpatel,17
xilabao,16
sjpotter,16
shyamjvs,16
shashidharatd,16
jszczepkowski,16
crassirostris,16
monopole,15
mengqiy,15
karataliu,15
huang195,15
DirectXMan12,15
CaoShuFeng,15
pmichali,14
p0lyn0mial,14
nicksardo,14
marun,14
davidopp,14
asalkeld,14
redbaron,13
mqliang,13
k82cn,13
johscheuer,13
keontang,12
k82,12
jianglingxia,12
fgrzadkowski,12
Crazykev,12
wanghaoran1988,11
rajdeepd,11
irfanurrehman,11
zjj2wry,10
caseydavenport,10
billy2180,10
Carlory,10
x1957,9
gyliu513,9
bowei,9
abithap,9
YuPengZTE,9
shiywang,8
nilebox,8
nhlfr,8
gyuho,8
gnufied,8
feiskyer,8
dashpole,8
chrislovecnm,8
JulienBalestra,8
yguo0905,7
woodbor,7
wongma7,7
victorgp,7
screeley44,7
ping035627,7
kensimon,7
harryge00,7
enisoc,7
andreykurilin,7
ahmetb,7
swagiaal,6
perotinus,6
nikhita,6
jamiehannaford,6
dagnello,6
aledbf,6
ailusazh,6
xingzhou,5
tacy,5
php-coder,5
ktsakalozos,5
kfox1111,5
colemickens,5
cblecker,5
mhrgoog,4
gtank,4
HardySimpson,4
lukaszo,3
knightXun,3
jianhuiz,3
ghodss,3
bobintornado,3
bharrisau,3
abrarshivani,3
ArtfulCoder,3
suyogbarve,2
enj,2
dmmcquay,2
chentao1596,2
bgrant0607,2
ash2k,2
andyzhangx,2
