Contributor,Days Involved
deads2k,380
yujuhong,380
Carlory,10
colemickens,5
jlowdermilk,22
rmmh,360
dmmcquay,2
pmichali,14
Random-Liu,379
dchen1107,379
nhlfr,8
dshulyak,350
verb,18
jsafrane,373
philips,362
abrarshivani,3
mikedanese,382
ash2k,2
krousey,379
lavalamp,380
hongchaodeng,28
abithap,9
eparis,381
andreykurilin,7
NickrenREN,18
jcbsmpsn,18
shyamjvs,16
redbaron,13
ArtfulCoder,3
bharrisau,3
xilabao,16
knightXun,3
dashpole,8
quinton-hoole,356
ihmccreery,29
asalkeld,14
jingxu97,356
shashidharatd,16
humblec,383
HardySimpson,4
piosz,375
AdoHe,28
liangchenye,22
jszczepkowski,16
huang195,15
bgrant0607,2
mengqiy,15
crassirostris,16
spxtr,364
rrati,364
jayunit100,380
ixdy,366
karataliu,15
madhusudancs,380
ghodss,3
mhrgoog,4
smarterclayton,382
wongma7,7
dcbw,378
vishh,376
derekwaynecarr,380
mtaufen,363
k82,12
freehan,20
kensimon,7
thockin,378
enj,2
roberthbailey,21
fgrzadkowski,12
fejta,356
saad-ali,370
woodbor,7
yifan-gu,19
dlorenc,26
duglin,21
wojtek-t,380
wonderfly,24
yaxinlx,337
girishkalele,17
mwielgus,375
luxas,376
xiangpengzhao,384
suyogbarve,2
Q-Lee,361
sjenning,379
pwittrock,379
ahmetb,7
gmarek,381
dims,351
zjj2wry,10
justinsb,375
timstclair,366
tacy,5
a-robinson,372
jamiehannaford,6
DirectXMan12,15
cblecker,5
timothysc,379
davidopp,14
victorgp,7
bobbyrullo,18
mfojtik,21
screeley44,7
aledbf,6
nicksardo,14
gyliu513,9
mfanjie,17
ingvagabund,26
kfox1111,5
sdminonne,377
mbohlool,371
harryge00,7
x1957,9
janetkuo,381
cjcullen,377
billy2180,10
ailusazh,6
nowprovision,25
swagiaal,6
zhouhaibing089,17
mkumatag,20
marun,14
soltysh,380
nilebox,8
Crazykev,12
MrHohn,18
YuPengZTE,9
jianhuiz,3
sjpotter,16
colhom,23
lukaszo,3
zhangxiaoyu-zidif,19
irfanurrehman,11
k82cn,13
wanghaoran1988,11
divyenpatel,17
brendandburns,372
caesarxuchao,373
keontang,12
bprashanth,30
gyuho,8
erictune,355
monopole,15
rootfs,365
nikhita,6
ktsakalozos,5
dagnello,6
sttts,361
CaoShuFeng,15
xingzhou,5
zmerlynn,362
derekparker,19
therc,23
andyzhangx,2
ncdc,381
feiskyer,8
perotinus,6
FengyunPan,19
resouer,21
ping035627,7
rajdeepd,11
JulienBalestra,8
bowei,9
liggitt,375
php-coder,5
fabianofranz,366
yguo0905,7
pmorie,30
chrislovecnm,8
enisoc,7
kargakis,383
shiywang,8
ravisantoshgudimetla,18
johscheuer,13
mqliang,13
caseydavenport,10
aaronlevy,19
gtank,4
gnufied,8
chentao1596,2
jianglingxia,12
nikhiljindal,377
BaluDontu,20
ericchiang,366
mml,380
andyzheng0831,30
david-mcmahon,368
euank,28
metral,22
bobintornado,3
p0lyn0mial,14
